{"cameraMode":{"drawMode":0,"name":"Shaded","section":"Shading Mode"},"sceneLighting":true,"audioPlay":false,"sceneViewState":{"showFog":true,"showMaterialUpdate":true,"showSkybox":true,"showFlares":true,"showImageEffects":true,"showParticleSystems":true},"in2DMode":false,"pivot":{"x":0.011317376047372818,"y":-0.06482686102390289,"z":0.3479999899864197},"rotation":{"x":0.1706131398677826,"y":0.12263204902410507,"z":-0.021405456587672235,"w":0.977442741394043},"size":0.1468665897846222,"orthographic":false}